1,google.com
2,youtube.com
3,facebook.com
4,baidu.com
5,bilibili.com
6,instagram.com
7,yahoo.com
8,twitter.com
9,wikipedia.org
10,amazon.com
11,qq.com
12,bing.com
13,whatsapp.com
14,reddit.com
15,zhihu.com
16,linkedin.com
17,microsoft.com
18,live.com
19,github.com
20,yandex.ru
21,xvideos.com
22,vk.com
23,microsoftonline.com
24,pornhub.com
25,office.com
26,csdn.net
27,tiktok.com
28,fandom.com
29,weibo.com
30,yahoo.co.jp
31,netflix.com
32,naver.com
33,taobao.com
34,mail.ru
35,msn.com
36,amazon.in
37,apple.com
38,canva.com
39,163.com
40,aliexpress.com
41,paypal.com
42,xhamster.com
43,zoom.us
44,t.co
45,ebay.com
46,adobe.com
47,sharepoint.com
48,myshopify.com
49,google.com.hk
50,imdb.com
51,pinterest.com
52,stackoverflow.com
53,quora.com
54,spankbang.com
55,google.co.in
56,jd.com
57,duckduckgo.com
58,douyu.com
59,xnxx.com
60,cnki.net
61,twitch.tv
62,huya.com
63,douban.com
64,telegram.org
65,indeed.com
66,sina.com.cn
67,youku.com
68,booking.com
69,flipkart.com
70,discord.com
71,twimg.com
72,amazon.co.jp
73,amazon.co.uk
74,etsy.com
75,pixiv.net
76,deepl.com
77,imgur.com
78,amazonaws.com
79,wordpress.com
80,iqiyi.com
81,tmall.com
82,t.me
83,lenovo.com.cn
84,so.com
85,coinmarketcap.com
86,nytimes.com
87,nih.gov
88,cnn.com
89,binance.com
90,bbc.co.uk
91,tumblr.com
92,bbc.com
93,mediafire.com
94,msn.cn
95,spotify.com
96,ok.ru
97,icourse163.org
98,weather.com
99,3dmgame.com
100,chaturbate.com